displacement,horsepower,weight,acceleration
206.1,89.3,2417,12.0
384.7,87.0,4892,13.3
316.9,185.9,1863,14.8
275.6,87.4,4012,12.1
138.4,90.8,3874,11.5
138.4,163.9,5182,24.2
108.0,117.5,4859,23.6
358.5,166.5,2084,8.8
276.3,59.8,3483,13.8
309.5,123.1,4128,14.9
96.4,55.0,2637,12.1
390.7,59.4,2630,18.7
348.1,186.0,2987,18.9
155.8,70.9,4765,22.5
146.4,129.9,2023,20.6
146.9,111.7,2583,17.2
184.3,102.1,5017,19.1
252.7,185.0,4812,12.7
223.9,53.3,2749,18.1
180.3,149.6,4901,16.3
279.7,194.5,1844,10.3
133.2,134.0,3610,12.1
180.6,190.5,2270,13.0
203.6,57.8,3881,23.7
231.4,112.8,4500,11.9
333.4,89.0,2629,12.9
151.9,159.6,3709,14.3
249.4,197.2,4068,19.3
273.6,88.5,3691,10.0
104.4,148.1,4381,24.2
278.3,79.7,2491,22.7
142.9,134.8,3190,17.8
110.2,119.6,2731,19.5
384.2,195.8,2640,8.3
389.3,141.3,4858,13.8
340.6,102.4,3738,21.5
184.4,67.1,3373,9.3
120.3,72.7,4429,12.8
302.1,83.8,4987,18.0
226.4,87.6,4086,12.4
127.8,177.6,4288,23.9
243.5,134.2,1947,10.2
100.7,128.5,2832,21.6
371.9,67.2,3111,16.6
170.2,179.0,2187,20.8
295.4,158.4,4921,13.3
186.6,60.2,3673,16.7
251.2,156.2,2715,22.6
259.5,131.5,3678,15.9
147.3,62.3,4485,14.1
390.6,118.7,2077,17.1
330.3,122.7,3777,20.2
381.2,74.9,3659,15.5
367.4,191.9,4836,24.0
275.3,177.5,5171,13.0
375.8,150.4,3625,16.1
117.4,119.3,4436,20.9
150.8,111.8,3633,19.7
104.0,147.6,4496,22.7
190.9,131.8,2417,24.9
210.5,59.3,3430,15.3
174.1,126.9,3982,9.9
346.9,171.0,2379,8.5
200.6,118.9,2970,20.4
177.1,57.8,2289,22.9
258.2,167.9,4325,11.8
133.7,80.2,2982,10.7
338.7,88.8,2183,9.1
113.1,74.7,1962,22.0
395.9,99.5,4288,13.3
329.4,163.5,3676,14.8
151.6,127.9,3012,16.5
91.7,80.7,4262,22.3
342.8,181.7,3162,19.1
309.1,181.9,3430,18.5
316.0,180.6,3004,11.0
329.1,85.8,2087,16.7
113.0,117.7,3657,20.2
201.1,197.7,1986,24.5
125.9,165.8,3707,11.4
357.6,54.1,2961,8.2
283.2,59.8,1929,9.3
192.6,119.6,4041,14.4
109.7,186.4,4163,21.9
186.4,130.8,3687,8.1
190.8,124.7,1943,15.8
316.2,65.8,1815,13.6
287.6,148.5,5173,8.9
365.0,173.3,4270,15.7
236.4,107.1,2044,12.3
127.1,166.3,2726,14.0
311.1,194.7,4978,20.0
325.8,80.6,4959,16.9
264.0,128.5,3976,10.1
329.0,93.1,2706,24.3
243.1,168.9,2686,18.8
252.0,136.6,2140,21.0
222.5,145.2,3851,9.3
97.9,169.7,5198,8.8
123.4,109.4,3233,8.3
99.7,187.3,2105,11.2
287.3,130.0,2707,15.0
187.5,73.7,4454,23.9
247.7,154.4,5096,15.8
371.3,169.0,3171,12.9
167.3,97.5,4839,17.6
217.2,178.6,2120,9.9
324.2,185.9,2358,18.4
160.9,91.5,3004,17.7
113.9,197.5,4465,21.5
179.8,71.1,4558,24.8
140.0,80.3,3209,12.3
378.2,77.6,3441,16.7
340.5,184.1,2931,23.5
286.4,148.1,4378,21.3
360.2,72.8,4257,16.3
339.1,116.0,5167,24.1
147.8,142.3,2617,9.0
366.7,62.5,2994,23.8
257.2,182.4,4340,8.9
340.3,170.5,5066,17.3
367.8,125.8,1811,23.1
188.6,195.1,1994,12.5
124.1,112.7,4337,16.0
160.7,197.6,4642,13.5
222.4,150.2,4728,24.2
343.6,145.2,4029,22.0
356.8,74.9,4809,20.1
92.2,182.3,2455,18.0
248.3,114.1,3721,22.0
219.4,74.3,5187,14.7
158.9,51.9,4541,15.6
127.2,134.0,3877,20.4
194.7,129.1,3419,14.1
382.3,157.9,2919,9.1
190.2,183.5,2577,9.3
250.8,61.9,2243,10.0
307.9,159.7,2097,22.8
202.7,78.1,2607,16.0
391.3,178.7,3560,20.1
388.4,172.9,2644,14.7
168.1,131.1,2815,12.4
244.1,156.5,3184,13.9
183.3,97.2,3197,21.5
178.3,120.7,2353,18.6
101.4,173.2,4150,23.9
279.0,118.9,2220,19.6
245.8,103.7,3069,17.7
106.0,124.1,3060,18.4
176.4,174.2,1984,24.0
371.6,100.3,2267,21.4
164.3,76.1,4601,8.4
134.9,156.8,4210,17.1
241.7,173.9,3106,19.7
395.6,65.1,3376,20.7
165.0,86.0,2135,11.6
298.4,71.3,4009,22.7
326.1,102.2,5031,24.2
163.7,117.6,3297,12.0
315.7,162.3,5193,23.0
204.0,147.7,3859,9.6
286.0,143.1,3247,8.9
286.4,102.9,4944,10.2
256.1,176.2,2387,9.0
118.0,120.7,3681,22.4
348.9,196.9,2000,9.0
189.4,145.1,2321,12.6
147.8,68.9,3687,9.8
102.6,151.4,4352,13.0
273.2,98.8,3511,9.5
300.0,152.9,2587,19.4
95.1,60.4,4910,10.3
248.7,76.2,1859,22.5
160.2,178.4,2377,21.9
290.0,84.1,2120,8.2
144.1,175.6,3258,23.2
304.2,91.9,3837,8.5
209.9,146.4,2722,12.1
380.4,154.1,3209,8.6
132.6,126.9,3494,13.7
195.7,95.8,2368,16.7
125.2,81.9,2901,21.5
376.7,55.0,5065,13.7
362.0,95.6,5156,20.0
170.0,148.0,2326,11.2
294.6,190.7,4371,20.8
343.3,180.7,4460,12.0
262.1,164.9,5027,10.4
254.2,168.3,3972,11.2
165.0,149.7,2670,11.1
118.9,89.0,2079,16.7
368.1,186.1,4764,22.4
369.1,150.6,4469,9.4
286.3,134.1,4693,20.0
195.1,66.6,3692,19.1
198.3,117.1,3551,22.8
315.0,119.1,2473,12.2
368.1,179.7,2951,15.7
365.0,132.0,4161,23.7
331.8,107.1,2131,19.2
289.0,196.5,2973,14.6
116.1,66.6,3839,10.2
140.1,113.4,3277,12.5
368.6,56.3,1835,17.9
278.0,161.0,3508,20.2
92.9,187.7,3243,10.1
121.5,92.0,4893,18.2
295.7,178.8,4053,17.4
91.6,93.8,4486,16.7
139.9,186.6,4695,19.7
260.1,163.1,3179,22.2
304.5,170.7,2239,13.5
292.1,52.7,4576,23.1
159.5,194.4,2919,10.7
310.8,159.0,4788,10.9
163.5,95.7,1963,12.5
190.9,174.4,1947,10.0
321.4,92.2,4141,11.9
291.4,180.9,1994,9.8
353.3,66.9,2462,22.0
293.9,155.6,2279,10.4
266.2,131.1,1922,20.7
119.0,64.5,3223,8.8
204.0,86.3,4546,24.1
172.2,51.9,2764,20.1
165.6,120.3,4508,8.1
391.6,95.2,4975,21.0
211.9,139.8,3578,16.7
366.5,94.6,3285,21.2
285.7,95.0,3814,16.9
336.4,161.5,2509,18.9
245.8,57.2,4243,21.4
268.8,185.4,2711,14.9
242.7,177.8,3160,8.0
150.5,150.2,4852,22.4
314.0,139.0,5013,14.5
177.0,183.8,4164,16.4
97.5,77.8,3534,8.1
290.1,61.8,3623,16.4
144.9,85.9,3379,24.8
381.5,169.2,2480,12.7
385.7,55.2,3133,14.7
373.6,137.4,4342,19.7
204.7,199.3,2355,21.9
94.8,178.4,2409,15.1
377.8,128.2,3956,13.3
222.7,59.5,2171,23.9
389.7,174.7,4702,19.5
388.7,139.8,2415,10.0
354.4,67.2,4615,9.2
181.3,64.1,3714,16.2
209.4,186.4,4053,11.7
353.9,150.4,2646,12.3
188.2,174.4,1842,22.9
142.5,181.8,2664,9.5
262.6,135.8,3068,20.2
380.2,127.6,5158,12.6
305.8,114.6,3178,20.9
266.7,97.5,2584,20.3
120.1,115.2,2275,8.1
280.7,166.1,1882,16.7
396.9,140.3,2933,10.4
133.4,183.9,4037,22.7
250.7,116.5,2599,22.8
362.0,141.1,2735,15.1
319.6,144.7,4098,15.6
306.1,138.8,4138,13.2
307.8,155.4,3468,20.2
201.4,85.6,5072,14.1
181.0,126.9,2125,12.6
340.9,65.6,3334,15.3
341.1,107.7,3785,9.6
358.8,123.2,3764,20.7
373.1,147.8,2636,8.2
248.5,192.6,2307,19.0
245.5,140.1,4578,11.1
337.5,161.5,3919,12.0
291.5,125.9,3070,18.8
307.6,145.1,2440,24.9
336.7,60.6,4787,21.2
365.9,88.2,3678,11.8
194.8,104.3,2407,11.0
206.4,120.9,3758,22.7
119.1,56.8,2365,15.6
269.3,71.0,3167,10.3
101.1,91.5,3901,22.7
234.3,195.7,3553,21.9
258.2,99.7,4375,24.7
178.8,122.3,4458,23.5
273.2,79.4,3381,22.5
99.5,141.6,3786,8.9
101.6,92.1,4040,9.8
345.0,81.0,3905,17.7
201.7,127.5,4982,17.0
129.4,50.8,1928,15.8
251.9,51.1,3672,14.7
328.7,82.9,2505,15.3
156.9,55.5,2651,17.7
283.1,66.2,5197,8.0
116.5,100.8,1807,12.4
106.0,170.4,3876,16.8
254.7,135.8,2935,20.3
257.6,126.9,4794,11.0
287.6,94.0,3978,17.3
315.1,189.8,4035,20.1
392.5,109.6,3498,15.6
250.1,63.1,4556,8.5
190.1,142.6,3298,15.6
336.5,67.1,5075,13.0
174.0,101.8,4059,23.8
226.1,126.1,3444,10.1
114.3,181.1,2075,19.1
97.9,124.0,4944,8.9
388.4,155.3,3502,15.6
349.2,198.9,3595,17.4
305.8,69.7,2042,13.1
216.8,91.2,4973,15.7
143.7,109.2,4834,10.8
138.5,113.3,4532,13.2
167.6,111.7,1970,18.6
260.3,186.1,2452,13.1
311.5,157.1,3732,23.3
294.7,141.2,4035,18.7
176.8,96.4,2909,15.5
386.0,173.6,3299,8.7
318.7,193.3,3899,16.5
261.8,173.2,3958,21.0
279.6,50.2,3772,12.5
220.1,145.5,4724,21.7
166.8,57.7,2866,12.3
200.4,88.6,4058,22.0
324.9,58.9,3835,9.4
94.5,140.6,5071,22.7
126.0,153.0,2657,16.5
104.3,67.2,4474,13.0
102.6,107.6,2849,12.5
355.2,118.4,2098,15.3
308.1,105.4,4948,25.0
237.0,68.2,2723,11.7
120.3,112.8,1936,9.8
242.4,162.7,2843,17.9
236.8,60.7,4287,16.3
143.7,62.0,2010,16.9
224.5,103.2,4599,19.3
213.5,191.3,3374,12.5
280.9,150.3,4282,23.5
286.9,151.8,2579,15.4
104.0,104.3,3030,10.2
206.1,139.0,4286,20.6
284.0,51.5,3602,18.9
246.0,145.4,4513,13.4
355.5,187.0,2865,18.6
294.2,141.9,2210,11.7
140.5,181.1,4653,15.6
111.9,158.6,4457,23.3
289.1,68.1,2226,10.3
98.2,185.4,5146,14.6
271.6,60.0,3271,22.0
381.5,130.1,4749,24.5
268.4,71.3,2741,15.7
210.3,51.8,3707,16.6
289.4,113.3,2541,17.7
232.1,94.3,3192,23.8
259.1,122.9,3043,22.6
381.9,136.6,3400,10.9
209.7,56.6,3055,15.4
388.0,68.5,2127,15.9
370.7,133.8,3266,21.4
150.7,101.5,3899,18.2
111.5,159.4,3766,19.1
121.2,147.8,2175,25.0
95.6,176.8,2062,9.3
119.3,153.9,2066,11.8
301.7,114.5,4206,14.9
112.1,150.9,5188,13.9
188.9,91.3,5195,8.4
351.9,95.9,3744,9.6
97.2,168.3,3693,19.6
342.5,117.0,3701,22.9
177.4,169.8,4499,16.7
126.6,173.4,3452,17.2
306.0,178.6,3244,12.3
285.0,187.5,1845,21.1
362.0,114.6,2399,20.8
317.9,97.8,2519,18.0
339.1,137.3,3712,11.6
177.4,105.7,3092,9.6
145.0,140.2,2400,9.1
322.7,155.8,2180,18.1
340.1,153.3,1917,22.0
397.1,106.2,3963,22.6
217.9,75.0,2059,15.9
205.3,114.6,2898,21.3
330.7,71.4,3303,24.1
195.6,183.5,4152,12.7
378.5,101.9,3854,14.8
356.1,73.2,2165,23.8
223.0,53.8,3457,13.7
322.8,146.9,4370,23.5
323.9,145.5,3261,24.7
122.0,101.1,3824,19.3
369.8,60.8,5086,21.9
246.6,111.4,4276,20.7
346.2,96.7,2590,19.9
189.2,151.6,2546,13.2
367.6,140.9,4214,9.0
210.7,104.7,2112,13.8
93.4,82.7,2337,19.3
370.7,198.2,2720,9.7
118.3,118.1,2877,8.2
189.0,153.2,3290,10.4
384.5,71.1,4712,20.2
384.7,122.8,5035,24.5
267.8,54.1,4629,24.7
285.9,125.8,4181,16.4
229.0,194.6,2597,22.8
180.9,107.6,2147,20.5
191.9,55.8,2072,16.5
298.5,54.6,4810,17.7
323.2,108.2,2519,10.3
335.4,74.0,3573,23.9
334.8,53.5,4347,14.0
118.3,163.4,4964,15.6
243.3,118.8,2484,19.4
107.8,93.4,3926,13.7
260.4,185.0,2421,12.3
226.9,67.4,3839,18.7
365.2,193.4,5088,8.4
198.8,97.1,2746,20.3
126.3,183.3,4205,16.7
134.3,140.4,4465,18.3
326.1,174.0,2306,18.7
281.6,197.6,3382,17.0
121.3,93.3,5052,17.9
116.1,194.2,4423,19.6
307.3,108.4,5117,20.8
112.6,107.8,2043,20.4
344.8,101.1,2305,22.8
308.9,131.2,2221,11.2
115.2,73.1,5191,14.8
116.3,133.1,4958,24.1
395.9,131.3,4064,14.7
206.0,164.3,5149,10.1
204.9,175.0,3672,16.9
342.0,116.1,4856,9.9
383.6,95.3,2992,11.4
395.7,88.9,2129,25.0
323.5,79.2,2449,17.2
206.6,58.6,3264,12.8
115.9,101.4,2190,24.9
330.9,90.5,3319,24.4
263.1,195.0,2180,15.5
221.5,133.7,5177,12.4
371.0,102.1,2541,22.3
124.5,137.1,3810,20.2
242.7,70.9,2619,19.7
93.5,116.6,2472,23.2
235.3,143.9,4360,19.7
107.5,123.3,3571,12.8
126.8,110.3,4796,19.8
126.4,199.1,3011,13.2
291.3,182.0,2729,20.9
321.3,143.5,3339,18.5
270.8,135.4,2712,9.3
388.3,143.1,2443,16.7
206.2,80.2,2226,13.8
178.6,109.3,2301,13.6
359.3,55.9,2529,18.2
159.3,121.3,3083,13.5
388.6,131.5,3918,21.2
93.8,84.2,4325,9.2
390.7,194.6,5049,19.2
103.4,186.4,2256,21.8
366.3,158.3,4036,19.4
253.6,130.0,2090,16.5
397.8,180.5,2719,24.2
112.9,69.6,4139,13.1
261.7,168.6,3769,8.3
390.5,68.7,2555,15.3
252.2,169.1,3458,8.6
285.1,91.4,3634,24.2
305.7,181.6,3106,11.6
230.9,191.6,3367,21.4
284.5,72.3,3669,21.2
271.1,119.4,2176,11.7
369.4,197.1,2979,18.6
104.1,122.5,2307,8.8
177.1,179.5,3236,16.2
384.6,138.3,4375,8.2
366.0,106.3,2358,23.7
231.3,92.9,5058,24.6
282.2,80.5,4902,11.8
176.0,164.3,4107,11.5
148.3,108.0,2220,20.8
233.7,126.7,3352,12.3
199.5,123.8,2103,23.2
270.9,136.6,2741,17.8
114.1,179.8,4910,14.0
392.1,197.1,4389,22.2
395.7,111.1,3101,16.4
306.4,174.1,5074,23.5
256.2,164.7,2889,23.8
186.0,136.0,3955,10.8
342.3,193.4,4115,8.0
302.3,80.1,4069,24.7
140.4,66.4,3627,23.4
372.4,178.1,3353,8.9
345.0,115.9,4961,22.2
384.4,177.0,2492,15.8
315.0,184.0,2054,12.4
280.2,59.4,3278,22.9
219.7,182.5,4100,11.3
379.1,117.2,2056,24.1
358.5,126.6,4230,11.5
104.0,144.0,2241,18.4
98.2,189.0,3681,11.8
206.7,52.9,4446,17.3
341.3,121.5,2913,19.6
396.1,153.2,4237,11.2
136.6,158.4,2381,16.9
274.2,153.9,4915,16.0
208.1,70.2,3535,9.2
390.7,94.9,4445,21.9
351.1,103.8,1818,13.7
349.9,170.7,2924,17.8
235.3,91.8,4454,16.8
218.6,81.6,3180,16.7
174.8,193.6,3365,9.8
107.5,51.3,3880,15.2
358.1,199.7,3793,15.7
342.0,151.5,5100,20.5
399.9,174.3,3347,22.3
399.0,94.2,2661,17.3
262.2,52.1,1954,9.5
328.4,160.7,2704,12.0
382.9,175.1,3069,10.8
353.4,161.1,2204,10.1
166.7,71.4,2643,14.2
229.7,163.0,3582,11.9
130.0,165.3,3364,11.7
385.8,148.8,2984,8.9
277.9,164.9,2546,8.3
160.9,176.9,3525,9.7
298.2,142.0,4988,10.9
281.6,63.3,2070,15.3
201.0,123.1,2569,16.7
125.2,61.6,3515,10.4
298.2,111.1,3310,15.2
251.3,111.1,1971,13.8
329.4,59.9,2073,11.1
251.3,102.3,4106,8.1
354.2,66.6,2958,15.9
261.1,171.2,3506,19.7
263.9,192.2,3571,11.8
361.8,60.8,2221,10.2
215.1,193.3,3244,23.1
131.5,128.4,3009,12.7
98.9,94.9,4211,11.8
324.1,61.5,4225,22.6
282.3,125.1,2379,21.9
308.3,169.2,2690,15.6
156.0,156.1,2521,16.3
132.3,57.5,5067,11.7
94.5,60.9,2680,9.3
198.7,110.4,2921,17.7
272.9,94.3,4452,9.7
211.6,84.9,3807,15.6
225.6,92.2,3869,24.0
370.3,170.5,3273,24.2
198.0,189.4,5043,12.1
249.3,110.8,2182,18.6
332.9,185.9,3981,16.1
212.9,98.2,3249,22.9
282.8,121.5,4896,12.6
357.3,83.9,4350,8.1
384.4,146.1,5056,10.8
135.6,196.8,4956,13.9
377.2,140.5,3390,13.4
242.6,103.7,3586,21.5
170.1,147.2,1943,19.6
232.3,68.4,3686,13.1
393.8,183.3,3502,15.8
242.7,125.5,3235,9.6
191.9,117.4,2023,23.3
286.4,137.9,2019,23.9
164.4,143.7,1978,24.7
113.5,60.8,3454,22.8
130.0,152.4,2232,11.0
129.7,86.3,2064,8.8
137.1,157.1,2753,17.9
133.0,173.4,2228,23.5
288.7,170.6,4263,11.0
146.4,132.9,4574,8.1
197.2,128.0,4044,21.7
368.0,71.4,3377,9.3
236.9,166.3,4924,15.0
296.9,90.7,2279,19.5
143.4,124.5,3153,12.0
149.6,92.6,5122,9.4
102.7,70.1,2689,21.1
142.4,144.4,2724,18.7
176.4,58.1,3970,24.8
144.9,162.3,3702,13.9
117.5,97.6,3210,9.0
127.4,50.0,3162,20.5
232.8,126.7,2577,16.9
154.0,57.0,4195,11.6
202.9,91.4,1828,21.3
246.1,156.0,4822,11.5
304.0,59.4,1834,12.4
102.2,175.9,3219,9.6
337.8,50.6,4470,14.8
284.6,87.0,5165,15.1
115.3,161.1,2388,16.7
360.8,97.4,5018,20.1
375.5,65.3,4938,23.4
108.9,104.0,2703,10.3
175.8,90.6,4367,8.9
339.9,176.4,3969,8.3
322.0,97.0,2139,10.4
147.2,168.3,1974,19.2
154.9,183.8,3723,20.4
204.8,115.1,3514,21.4
240.2,186.5,2396,12.1
281.7,106.6,2250,13.2
204.4,194.6,2356,16.2
233.4,63.4,2959,9.1
321.7,153.1,4887,18.4
101.4,124.1,3156,24.7
168.3,108.1,5066,14.1
311.1,144.9,3856,20.8
367.5,155.6,4181,16.5
248.6,50.7,2816,10.2
255.0,75.0,4174,17.9
123.2,157.0,3862,13.1
228.7,150.0,2638,8.6
255.1,194.9,3437,18.8
165.2,164.2,2025,22.6
173.5,192.6,3613,13.9
207.0,155.4,3960,14.6
96.2,94.7,3820,23.1
189.8,65.8,3251,21.8
155.5,167.3,3848,20.2
191.5,146.6,4113,12.2
127.1,57.2,3314,23.5
366.1,104.0,3031,10.6
274.0,193.5,3445,18.7
300.5,125.1,3535,8.5
334.6,114.9,4799,18.9
244.5,118.7,2105,12.7
116.9,81.3,3859,15.6
256.5,105.3,3523,13.9
271.9,105.5,3489,10.9
321.1,57.9,3317,18.6
223.8,165.1,3191,23.0
129.5,112.5,4784,24.3
178.0,173.3,2219,11.3
202.6,177.6,4736,20.2
290.2,81.8,4018,19.3
266.9,148.6,1933,13.8
200.4,120.8,3830,8.3
395.8,182.0,4812,19.7
277.8,82.4,3250,24.1
163.5,151.7,4896,18.7
121.6,141.2,3353,15.4
137.4,94.3,5061,16.9
166.2,70.5,2964,11.4
139.8,147.7,3669,20.8
147.8,160.8,3619,20.7
178.4,97.3,4505,10.5
143.7,146.7,5186,22.9
368.0,109.3,3142,12.6
114.9,157.0,3264,24.7
252.6,79.9,4963,14.5
217.2,183.5,4026,11.0
394.5,93.1,2879,14.0
124.7,105.2,2978,15.5
213.3,58.7,3495,9.2
390.5,66.7,1910,17.8
358.3,127.4,3984,18.2
343.3,90.1,4079,20.6
169.9,175.3,4839,8.5
143.0,52.2,2267,17.2
297.3,106.9,4579,8.9
378.1,100.6,4328,19.9
262.6,52.9,4939,8.9
267.2,68.7,2613,23.5
176.8,112.0,3072,19.9
328.5,123.9,2793,16.6
148.0,110.6,3831,15.5
190.3,129.6,2122,10.2
221.9,139.3,4769,12.9
247.4,51.5,2703,22.8
165.1,119.6,3341,23.4
125.6,194.5,3799,8.0
279.3,127.9,3615,18.1
179.5,151.6,4453,20.2
270.2,96.8,4276,18.5
137.9,166.1,5140,9.4
239.2,165.9,1947,11.7
255.1,128.2,2941,12.3
106.1,196.4,2649,22.1
194.3,68.8,2166,15.9
131.7,52.5,4697,16.3
109.6,165.5,2889,23.9
396.9,171.1,3838,18.8
189.9,68.0,4660,23.3
341.1,89.8,1974,15.8
168.9,52.6,3654,10.5
301.3,94.0,2387,23.8
325.7,166.0,2294,15.8
274.6,127.7,4820,11.1
236.2,102.2,2937,13.1
217.7,105.8,4982,8.9
198.1,50.2,3584,16.0
378.2,95.0,2970,22.5
347.5,147.0,1834,23.9
389.2,196.1,2798,23.9
128.5,177.1,3132,10.1
316.6,53.5,4385,14.5
380.9,184.8,4597,8.5
146.2,167.5,2837,22.5
110.6,167.1,2173,14.1
319.7,118.7,4404,18.7
268.1,109.7,3251,20.2
351.0,95.4,3551,15.3
133.3,59.9,4080,13.2
336.5,84.2,2504,24.4
152.5,87.0,2362,24.4
140.7,122.6,4786,12.9
140.9,162.1,4734,16.2
342.5,121.1,4573,24.5
296.2,58.7,5146,8.1
252.2,193.7,3673,15.0
201.2,191.4,3923,9.7
361.9,167.8,2238,16.7
211.7,198.7,3683,8.4
343.1,131.7,3779,14.9
226.1,194.4,2498,11.8
206.9,61.3,3112,17.1
233.4,104.9,4762,24.9
183.4,83.8,3363,21.6
321.8,79.4,4738,22.4
245.8,71.1,2491,18.8
162.0,143.4,4100,8.7
368.9,167.2,4997,11.5
209.0,136.7,3000,23.7
258.5,72.0,4908,14.2
371.0,171.7,4257,9.8
283.5,145.4,3434,19.9
126.2,108.2,3433,13.1
381.3,151.1,1926,12.6
284.6,89.0,3306,25.0
193.8,101.8,2991,22.6
133.2,187.6,4439,14.9
336.1,93.6,2093,24.7
282.2,120.5,3166,19.1
255.4,183.5,2819,20.6
367.1,156.2,4157,8.5
334.5,59.3,4509,10.1
137.0,72.1,4375,18.8
186.6,51.2,4387,23.3
167.0,144.6,2218,18.6
320.6,117.2,2243,10.3
100.4,70.1,2484,10.0
266.7,193.7,4687,22.4
326.4,129.4,4083,10.4
361.8,86.3,3262,16.8
196.0,125.1,4061,8.6
344.6,151.9,1884,9.4
124.3,61.4,4641,19.4
352.4,91.2,3567,19.7
129.5,171.0,1884,13.8
213.2,118.9,3744,11.7
337.2,132.0,3912,21.8
136.5,114.9,3469,11.7
161.1,56.6,2462,17.2
313.9,74.9,2426,24.5
313.2,116.8,1863,10.5
288.8,81.4,4786,24.0
305.1,57.5,2718,11.1
258.2,176.5,3175,17.6
168.1,197.2,2981,14.4
197.2,169.0,3412,24.4
146.3,178.1,2290,12.7
371.6,86.3,3678,14.8
270.9,194.1,5096,24.7
214.3,79.5,3740,17.1
233.2,192.7,2112,16.5
383.7,199.2,4462,12.4
137.5,156.8,2718,19.9
271.7,197.2,3682,8.2
246.8,135.4,2612,8.8
279.6,88.9,4787,18.2
95.6,115.5,3289,13.8
360.4,139.0,4959,24.2
379.0,61.0,3126,23.4
265.2,143.4,2479,20.1
306.0,197.2,2234,21.9
376.0,78.5,2481,19.3
309.2,168.9,2958,10.1
137.3,186.2,2873,21.0
268.6,191.6,3255,11.6
278.1,194.0,4187,13.5
221.5,128.2,4194,21.9
318.3,196.6,4493,17.1
379.7,163.6,3170,22.6
376.9,74.3,2448,11.6
229.8,121.5,2044,18.3
125.1,157.7,3956,9.4
395.3,87.1,4380,18.9
350.1,146.1,4961,21.0
128.6,150.0,2095,17.9
375.5,74.4,3959,12.5
359.7,134.8,3412,8.5
250.8,165.7,5048,10.0
273.3,124.8,4190,18.6
213.7,51.8,3948,23.9
107.0,51.4,4476,11.5
193.9,103.6,3427,20.5
338.9,188.9,1827,22.7
91.4,84.3,4784,16.9
193.4,145.2,3785,19.4
213.4,83.3,3360,21.9
256.6,98.3,1857,12.4
375.2,177.2,3321,13.0
197.4,159.3,2096,8.0
197.6,64.3,3981,24.4
318.6,114.3,4096,23.6
230.2,54.4,4868,21.0
159.6,122.1,4397,9.3
230.3,149.4,2701,15.6
133.7,67.8,3764,9.7
144.7,93.3,2898,8.3
244.5,109.7,3477,18.5
219.9,187.9,4681,24.3
373.6,199.0,2991,23.3
202.3,56.7,2570,19.8
270.0,164.2,3326,9.6
286.0,105.8,3178,12.7
94.1,108.9,3048,13.4
295.7,163.1,3354,21.0
145.2,187.8,1945,21.6
387.9,192.6,3783,14.5
136.1,136.6,3064,15.1
218.5,103.6,3707,8.8
116.5,168.1,4740,12.9
399.0,87.7,4191,15.7
245.7,134.6,3572,10.0
274.6,103.8,2858,15.7
110.8,148.5,4549,22.5
322.5,86.1,3848,17.9
155.1,78.7,3819,9.3
368.4,187.7,1952,11.3
153.6,65.3,4276,16.1
149.1,125.9,2307,14.1
101.3,83.1,4997,14.1
236.3,55.8,2290,17.0
265.1,55.4,2144,17.9
110.4,76.3,3735,21.5
330.4,180.0,3561,13.8
230.5,92.4,2020,21.7
252.6,192.6,3738,13.8
226.6,137.2,3742,8.9
214.2,115.5,2522,17.4
263.5,137.0,4896,18.0
138.1,127.5,2327,23.9
146.4,163.8,5053,20.3
357.2,92.4,3322,23.6
383.3,103.0,4688,23.4
205.7,184.1,3464,18.3
173.9,192.0,4913,17.0
289.6,183.9,2280,17.5
216.7,112.9,4777,24.6
97.9,167.1,3671,21.1
138.4,121.5,4719,9.8
312.0,124.6,3262,21.2
294.3,80.7,3225,10.9
98.4,138.7,2144,15.6
158.8,77.9,1844,11.6
161.6,99.7,3868,19.7
298.3,178.3,3457,22.9
96.1,81.1,4941,12.9
122.3,60.7,3687,9.4
338.0,60.4,4720,13.1
145.3,191.1,3895,19.4
292.4,126.0,3314,13.6
163.8,111.4,4398,12.7
120.8,171.6,4134,11.1
165.4,175.4,2801,16.5
313.9,99.8,2833,12.7
355.3,154.0,4389,20.4
347.4,165.7,3840,9.3
213.1,148.2,4603,19.3
297.1,72.7,2073,12.0
153.5,181.4,2755,16.3
180.9,130.9,4447,12.9
367.9,92.4,3579,20.3
94.0,113.8,2180,24.1
116.5,55.6,3152,23.6
154.4,69.2,2278,17.9
98.2,164.8,3862,15.9
146.2,50.0,2315,21.9
270.7,112.5,1990,19.6
220.6,128.4,2991,11.1
366.7,58.2,4468,22.0
343.4,196.0,2960,15.3
196.0,83.9,4001,11.2
170.4,95.6,3211,12.8
207.7,95.6,5080,12.5
273.0,84.6,2071,16.8
173.1,50.2,1942,12.0
283.5,159.4,3712,10.1
216.9,195.0,2892,10.1
261.1,83.6,4094,17.9
225.2,149.5,5132,20.5
181.3,161.3,2587,13.5
384.0,177.3,3926,8.6
326.7,113.4,3481,10.2
133.4,95.4,2422,23.5
359.2,98.8,4372,16.4
241.1,156.9,4619,15.7
367.3,172.5,2737,8.6
338.0,77.2,5060,20.4
221.8,105.6,2918,17.0
97.0,185.3,2416,11.4
173.3,171.0,2831,9.9
257.9,197.7,1866,14.5
286.4,163.1,1990,22.2
169.9,109.0,4615,22.7
133.2,138.6,2320,18.2
348.8,149.2,2789,20.4
395.2,61.8,2940,10.0
253.0,131.7,4114,18.0
143.2,156.4,3434,19.3
174.4,75.1,4332,11.4
95.7,167.1,5169,23.0
373.4,137.6,2987,11.3
126.5,192.8,2175,13.3
268.7,56.4,2452,18.5
175.0,89.8,5139,18.9
261.8,140.2,2348,19.9
291.9,94.5,2897,9.9
347.2,157.2,1872,22.4
154.0,163.9,4155,17.1
93.4,65.4,1998,16.0
132.4,127.1,5001,24.7
369.0,126.3,3581,20.6
360.9,105.4,2371,10.0
275.2,189.9,2590,20.9
276.2,174.1,3438,9.6
296.2,154.6,3631,8.5
144.4,157.1,3655,14.9
373.5,119.3,3310,24.9
219.8,188.1,2974,11.0
208.8,154.2,5077,19.4
250.9,159.3,1978,10.9
104.6,179.3,4044,20.3
141.5,91.1,2534,16.6
318.8,171.1,3936,19.6
115.7,79.3,2598,11.4
277.0,101.8,2587,20.7
166.1,100.3,4595,24.9
210.7,196.8,5054,19.3
179.5,178.5,2008,16.4
200.3,155.2,2292,23.7
312.9,159.1,5001,8.3
182.1,134.3,4512,20.4
265.6,192.1,4884,23.1
237.6,124.4,3457,9.0
295.7,107.1,4718,15.7
380.4,74.5,2531,11.5
317.1,167.9,2929,17.6
156.6,160.2,3405,19.0
99.7,107.7,4545,13.1
171.3,53.8,4970,15.8
274.5,175.8,2393,12.7
105.9,51.7,4733,14.3
243.9,155.6,4699,10.7
275.0,195.5,3015,23.1
193.6,115.6,2124,8.2
329.0,85.2,2778,23.0
123.0,155.7,3549,17.7
113.3,172.6,3650,13.6
315.7,132.0,4803,20.3
243.6,195.1,3290,16.6
303.4,57.8,2693,16.5
224.8,125.7,3190,9.9
166.4,157.8,5189,14.6
343.9,179.4,1943,12.1
337.8,76.9,2183,8.3
305.4,170.0,4063,14.1
174.4,132.9,4171,9.5
273.0,109.5,4886,12.4
201.9,69.8,2016,9.6
118.4,179.8,3315,9.7
374.4,73.6,4798,11.4
132.4,96.5,4030,25.0
384.6,93.5,4117,8.0
228.3,180.7,4792,18.9
147.4,150.9,3290,10.4
258.0,169.5,4717,23.7
360.6,87.6,3435,9.6
317.0,143.7,4314,24.2
340.0,135.8,4152,18.4
294.2,174.9,2967,8.0
304.6,185.9,1910,23.2
353.3,51.8,2813,16.9
167.4,151.1,2031,12.5
241.7,57.8,3514,21.0
158.6,132.3,3555,23.8
396.2,93.1,4442,16.2
382.7,96.0,3377,13.4
102.2,102.9,3096,21.4
308.7,143.2,4020,19.6
376.8,100.1,2772,23.1
146.0,159.9,2830,19.8
266.1,110.7,5026,12.1
373.8,60.3,4393,23.8
100.5,167.6,4395,9.8
306.2,92.9,2317,12.6
182.2,114.9,2713,16.8
376.6,152.8,4062,17.6
391.0,99.9,3981,8.3
382.7,58.5,4132,21.3
237.0,106.1,4997,14.1
357.2,191.7,3744,14.9
351.8,146.3,3262,21.8
188.9,150.7,3672,14.4
347.0,144.8,4533,8.8
101.5,79.8,5023,11.0
274.8,112.8,4178,24.3
161.3,162.6,4986,9.2
127.4,65.2,4741,14.0
113.9,91.7,3107,16.6
305.8,91.4,2698,16.4
195.4,114.8,2898,8.1
314.7,197.1,2989,16.5
110.3,60.1,3012,14.5
187.7,127.8,3925,24.5
257.2,76.9,4794,10.7
335.1,195.6,2487,14.0
188.8,67.0,3868,15.1
284.0,110.5,2365,14.6
364.7,160.7,3007,19.3
280.9,155.7,3694,11.7
162.2,113.4,5093,11.8
97.6,102.0,2626,20.4
359.7,109.6,3151,16.5
96.6,89.6,4026,15.1
361.2,80.8,3611,10.9
254.0,122.5,4983,11.2
381.1,90.3,2882,8.2
337.6,93.1,3150,9.6
399.4,148.5,4752,17.5
198.7,195.3,3444,23.2
327.8,140.5,4516,12.9
214.6,61.5,1990,13.6
238.8,61.3,3023,10.0
284.5,192.7,3135,14.6
360.8,94.6,2507,8.6
395.1,63.8,4906,23.6
328.2,139.9,2178,19.4
219.5,143.5,2186,24.8
220.6,147.3,4084,23.0
318.7,90.1,2415,16.0
164.0,52.3,3342,16.8
124.2,194.8,4130,11.2
199.9,87.6,3848,15.9
179.0,151.4,3554,23.4
181.9,156.0,2263,8.9
162.4,141.5,5101,22.7
103.0,96.9,2766,13.8
95.5,90.7,1971,23.3
396.2,139.7,4958,24.0
222.6,179.9,2946,19.4
209.1,192.0,2642,19.3
300.7,65.9,3121,15.7
157.7,73.2,3708,22.2
384.5,191.7,2489,24.3
333.8,160.5,4422,21.2
117.7,182.4,3307,18.6
219.5,80.4,4012,18.3
362.5,138.1,3824,22.4
382.9,155.2,3522,17.2
234.9,152.0,2182,21.7
280.2,111.2,4056,16.7
141.8,52.3,3212,9.1
397.3,137.4,3383,14.5
161.8,88.0,4071,15.6
382.2,117.5,3850,10.4
291.4,193.6,2171,9.7
278.4,109.9,3510,17.1
248.9,176.0,3269,9.4
161.5,78.3,2410,13.2
144.7,150.9,1915,20.7
158.4,196.6,5141,24.4
147.8,65.3,2246,20.2
331.7,51.2,3191,24.9
198.5,115.0,5124,19.9
107.9,63.9,3140,13.0
390.4,162.3,2214,19.4
364.0,187.2,4966,19.9
377.6,115.1,3608,14.3
398.4,88.8,4739,8.3
143.9,115.2,2847,20.0
212.8,158.5,4510,8.4
325.1,51.4,3673,18.7
305.8,138.4,2873,10.8
137.7,142.0,2517,17.6
342.9,145.7,3158,16.6
159.6,86.3,4950,8.2
159.4,157.1,3405,14.2
256.5,63.7,4898,18.2
273.8,79.9,4118,22.4
269.8,181.6,2361,23.1
118.4,160.8,4651,16.2
362.0,52.1,4094,20.4
172.3,87.3,2186,13.4
130.1,82.2,2501,13.8
365.5,90.6,4406,11.3
386.3,87.1,2772,17.6
357.3,59.4,3184,13.3
340.9,118.8,2783,9.4
293.1,159.9,3311,19.6
260.8,141.0,2151,20.0
117.0,150.9,3524,14.1
216.6,62.2,3751,9.3
205.5,192.7,3079,15.2
170.5,175.8,5093,15.5
314.3,170.8,3707,19.4
243.7,173.4,2552,13.4
115.1,189.9,4628,19.6
158.3,131.6,2824,22.8
301.8,80.0,2345,12.0
113.6,142.5,3269,24.6
353.9,161.4,1878,14.6
243.5,160.7,3059,12.5
239.0,128.2,4181,15.2
273.6,60.3,2688,9.6
345.7,105.7,4969,10.1
197.8,188.1,2905,15.0
300.2,137.7,4349,21.0
265.4,130.7,3790,23.3
172.8,90.3,3300,19.3
362.4,105.3,4612,9.8
337.2,184.3,2720,19.4
294.1,150.0,2349,18.8
353.7,168.1,3861,21.7
358.9,118.2,2191,22.0
309.6,144.5,4157,22.8
349.5,87.3,4233,15.0
306.2,155.8,5080,19.9
300.8,114.1,3180,12.6
281.8,116.4,2773,25.0
323.3,147.4,4965,11.0
139.2,190.4,4964,8.2
363.1,59.6,2139,10.5
360.3,173.7,4444,21.2
99.1,93.9,2556,15.6
346.0,116.6,2845,15.6
129.9,53.3,4138,24.2
193.9,95.2,4153,23.6
320.5,125.4,4481,13.3
139.8,58.4,4999,11.6
343.6,123.7,4472,22.4
348.0,189.1,2738,23.4
247.3,65.8,5144,17.2
92.0,164.7,2647,18.7
179.0,111.5,2241,12.4
281.2,148.3,4350,21.6
394.2,89.0,1929,18.7
285.9,73.9,5003,16.6
170.5,74.1,2396,9.0
286.5,60.6,3758,23.6
257.4,77.8,3305,18.5
331.8,149.6,2661,11.3
123.2,182.3,4440,18.3
325.9,172.1,2798,19.5
257.8,152.8,4172,16.9
388.5,66.6,4940,20.2
196.0,93.4,4295,17.9
286.1,96.5,3351,24.1
378.9,87.5,4666,8.9
121.8,127.3,3440,9.8
380.5,130.3,5036,11.0
303.2,103.5,3311,19.7
111.0,103.1,3536,19.0
183.3,174.3,4556,23.2
309.5,168.4,3249,20.5
110.9,96.2,3657,16.6
270.5,187.1,2064,24.9
197.2,192.9,4459,12.5
282.5,99.0,4679,22.2
104.2,103.2,5149,15.3
360.2,125.8,4521,19.0
391.8,191.2,3262,20.4
390.4,181.4,1956,18.8
322.4,65.4,3245,10.4
130.3,108.9,4098,15.5
325.1,133.0,4725,17.5
97.6,125.5,3432,22.4
96.9,79.1,4377,15.5
190.3,178.8,4174,23.6
241.5,151.5,4808,15.5
328.8,175.7,2694,17.3
301.8,178.8,3944,21.5
228.2,162.3,2312,17.9
174.8,115.9,2015,24.3
399.1,141.6,5003,19.2
222.1,74.1,5131,16.9
229.9,151.0,3972,8.4
140.7,76.9,4953,15.0
336.4,154.1,5154,13.1
305.0,84.4,3506,20.7
158.4,67.6,3906,11.5
115.5,74.8,3367,11.5
301.0,50.3,4008,11.2
292.9,157.8,4131,10.1
174.7,159.9,3953,13.3
384.8,127.2,2928,23.1
136.8,74.2,2027,21.2
224.0,62.5,4165,20.5
382.5,52.9,3287,21.6
220.1,74.9,2601,12.6
287.9,183.6,3422,23.1
213.3,86.2,3705,10.3
175.0,103.1,4721,13.7
395.0,65.8,2271,18.0
216.9,83.4,2879,9.7
367.2,127.9,4472,20.4
161.3,141.2,3860,14.6
156.1,86.8,2841,21.3
99.7,58.7,4541,16.4
292.0,108.7,4820,11.1
204.2,85.1,3960,20.5
358.0,82.9,2028,12.3
236.7,194.0,1970,16.3
390.1,142.4,2094,9.3
147.5,133.5,1988,18.5
359.3,112.4,2225,19.3
330.7,114.3,2776,14.4
329.0,131.1,2902,24.2
351.9,154.5,4505,22.9
325.9,155.3,2718,20.0
284.1,75.8,5053,20.1
130.7,125.0,2298,12.3
100.1,111.8,3621,19.2
375.5,180.6,4609,11.4
281.2,144.7,2665,10.4
336.9,129.9,2625,25.0
239.3,67.3,3658,18.6
126.4,140.8,3918,15.3
128.8,67.6,4095,12.9
302.5,100.6,1945,18.3
223.4,71.4,3441,8.8
152.2,153.8,3119,9.6
242.4,80.9,4429,8.6
109.9,108.8,2269,16.5
270.4,184.4,1992,18.2
173.4,80.6,2891,9.1
337.2,126.2,4341,20.3
186.2,112.9,1851,11.9
231.1,52.7,4729,19.6
93.6,168.9,4210,24.7
112.5,60.4,3620,19.7
211.7,121.1,4764,23.0
238.8,134.1,4321,24.1
276.0,144.3,3669,16.3
180.4,153.3,4368,19.9
305.4,88.0,3586,22.5
356.6,51.5,3254,14.1
331.8,158.5,3667,12.4
102.3,130.3,5169,24.1
239.0,175.4,4538,20.3
122.5,173.2,5069,11.7
165.0,176.5,4999,15.6
395.9,122.8,4379,21.5
134.2,100.0,3807,17.3
244.7,168.7,3234,19.0
281.6,117.7,2639,20.8
307.8,77.5,4936,18.6
263.5,178.2,2040,17.2
93.0,182.4,2335,20.7
191.2,119.9,3207,20.4
250.5,61.4,1882,18.7
117.2,108.2,2781,14.1
198.7,170.5,2750,14.9
100.3,185.3,2410,24.5
114.4,80.5,2373,9.9
213.0,60.0,4133,12.6
131.1,181.6,2788,16.4
265.9,108.4,2258,22.2
303.7,131.3,5083,10.8
338.2,195.2,3973,12.7
152.0,60.0,3322,9.1
141.9,147.2,4272,20.0
122.4,61.1,4401,12.0
287.3,106.3,4457,14.6
309.0,170.6,3784,15.5
99.8,115.0,3366,23.2
380.2,199.6,5029,15.0
106.1,133.9,3959,10.5
257.8,98.2,4249,16.9
309.8,83.0,1921,24.4
360.0,102.6,2072,18.3
311.4,105.9,3117,24.7
338.5,60.3,2197,22.3
195.2,105.4,4318,8.6
342.6,119.6,2784,19.2
114.8,158.4,3030,12.9
367.4,148.5,2933,17.5
259.8,156.3,3101,12.7
343.4,51.3,3710,13.9
230.2,82.7,4416,23.7
289.5,149.3,3305,11.5
253.2,122.6,4985,22.9
316.8,50.8,3716,8.5
115.3,170.7,4744,9.5
108.7,165.9,2619,22.5
166.6,132.3,4700,18.7
139.5,60.0,4557,20.7
360.3,165.0,3756,11.6
158.0,137.6,4168,17.1
392.5,167.3,1978,20.5
194.4,162.8,2696,18.7
146.5,170.5,4066,16.0
334.8,127.7,4636,24.3
294.2,71.0,3772,19.5
244.4,150.7,3351,23.4
262.2,143.1,2291,20.4
313.0,161.3,1860,20.5
160.8,75.5,2877,9.4
398.9,79.2,3503,14.1
392.2,183.6,4385,22.6
291.6,162.5,4695,12.0
151.9,186.2,4835,10.0
300.9,163.8,1864,13.5
112.4,139.6,2385,11.7
99.5,148.1,3527,23.7
169.9,183.4,4018,22.8
233.4,136.8,5144,16.5
359.2,144.9,2334,9.0
315.4,73.5,4540,20.1
320.2,121.1,5198,18.6
221.9,157.5,3955,24.5
197.2,90.6,3670,17.5
205.0,80.3,5033,13.7
396.2,97.1,4661,16.8
102.4,86.2,2804,24.6
358.8,82.2,4299,19.8
269.4,113.7,3029,19.4
226.0,186.2,4437,12.1
314.8,126.1,2839,20.6
240.9,78.2,2126,20.8
360.8,61.5,2407,13.4
369.2,154.4,4506,16.2
220.7,107.4,1801,13.0
175.8,173.3,2833,12.4
273.6,148.9,4281,8.4
372.8,169.4,1924,12.8
155.3,90.8,2904,17.4
283.1,153.9,4332,8.0
285.8,89.6,4499,12.8
317.3,190.9,3661,23.0
130.8,145.5,2973,18.1
311.9,98.7,4647,18.3
371.8,90.4,4720,14.9
145.7,78.6,1928,19.5
163.6,154.2,2237,11.2
391.1,82.8,2550,21.9
146.1,139.3,4348,10.0
354.9,89.7,4929,19.2
242.6,149.3,3021,13.8
166.6,172.2,4058,20.7
359.9,166.7,2701,17.3
228.0,164.1,3892,15.7
249.6,78.2,4968,10.9
201.4,63.3,3102,18.8
273.8,154.8,4382,24.6
140.7,105.3,3233,22.0
211.2,114.9,4308,9.0
390.5,54.7,2190,14.4
170.0,88.9,2867,23.7
293.6,55.1,1826,16.6
190.8,181.9,4641,19.3
329.8,86.5,4968,23.5
130.6,133.6,4822,22.9
390.6,55.8,2347,16.5
230.7,150.0,4468,15.4
163.2,98.5,2366,13.8
112.8,184.7,2503,20.2
142.6,183.2,3042,12.9
251.1,98.8,1984,12.2
194.5,185.1,4940,14.1
347.0,199.4,5001,11.0
223.6,173.8,3390,19.8
167.1,176.7,3713,18.5
281.3,87.4,2647,16.2
309.1,136.5,2398,14.6
141.8,60.1,2605,23.5
142.0,64.2,3157,8.5
101.4,199.8,5025,21.1
318.3,99.0,3926,23.3
295.8,162.2,4426,15.6
237.1,171.0,3678,17.4
351.7,178.7,4260,24.1
339.8,199.6,2345,11.6
271.5,86.2,3432,16.8
359.2,56.1,4016,16.1
153.8,111.7,4528,12.4
124.7,69.5,4430,21.9
173.6,53.4,4362,23.3
107.7,104.1,5185,21.3
254.7,167.6,3879,11.3
380.3,134.9,4134,9.5
102.2,96.9,4441,18.3
127.9,148.2,4914,9.0
230.2,84.8,3726,19.4
379.5,52.2,2416,17.0
188.0,164.7,4872,19.3
247.2,143.6,4117,18.0
102.9,164.3,3003,15.2
136.0,55.8,3559,11.4
395.9,175.6,4365,13.2
389.2,142.9,4974,16.9
91.5,134.5,4881,19.1
385.1,143.7,4430,21.3
288.1,179.7,4961,21.0
359.1,138.0,2025,24.5
231.0,137.1,2469,12.9
249.8,198.6,3563,9.2
241.5,163.5,2716,13.9
296.7,116.3,3973,20.6
133.3,156.1,4803,15.4
99.3,108.4,5080,21.9
185.5,84.3,4968,17.3
308.5,139.5,3921,23.8
152.6,189.2,3014,24.1
298.8,189.4,3505,9.2
390.7,101.3,3642,15.8
119.1,129.2,3783,18.4
298.5,81.7,1855,12.3
227.6,199.3,2519,14.9
359.1,197.2,4400,19.5
144.9,147.4,3879,11.9
304.7,170.7,2373,18.2
349.8,157.3,2466,19.9
382.8,139.0,2083,9.5
301.8,58.0,3544,16.5
244.1,118.2,4034,12.5
281.5,151.2,2297,20.3
359.4,151.6,3265,11.2
266.9,106.0,1929,23.2
99.4,191.3,2438,15.3
378.6,75.1,5163,11.4
303.8,125.1,3961,15.4
299.7,153.6,5070,14.9
156.9,154.6,3860,15.3
294.3,147.3,5142,18.0
212.1,91.3,5086,16.9
291.9,73.4,4291,10.5
123.0,145.4,4294,9.1
293.9,139.9,2785,20.4
399.8,76.9,2792,17.5
104.9,155.8,4562,14.1
392.9,118.3,3921,21.7
216.1,150.2,4384,14.6
359.9,175.6,1900,21.5
332.5,75.5,4023,13.2
265.8,52.9,2226,9.2
318.9,166.9,4988,23.9
362.3,141.5,5037,14.7
215.3,154.9,1840,21.5
191.4,175.7,2228,12.7
297.0,170.4,2143,19.0
340.4,194.1,2165,22.8
326.3,130.4,4991,8.7
337.3,123.3,2408,22.1
225.0,110.3,4504,17.7
343.5,73.1,2527,18.3
127.3,135.9,4076,16.9
258.8,91.6,2624,22.9
91.8,188.2,5001,8.7
190.6,137.5,3175,12.4
203.6,138.9,2688,22.9
212.8,103.2,3843,20.8
305.6,57.8,3141,8.3
210.5,54.8,4831,16.8
229.1,113.5,4683,17.0
163.6,62.7,3096,14.8
205.7,141.0,1916,13.1
160.5,182.1,4665,19.6
112.7,182.4,4215,11.5
277.1,148.9,2917,21.6
297.1,81.7,1967,21.7
282.0,179.4,4801,15.1
233.7,182.9,3538,12.8
207.7,79.5,3164,12.8
357.6,160.6,4508,16.2
250.9,93.0,2494,20.2
238.5,170.4,2724,14.1
97.9,199.6,1951,18.4
195.8,54.5,2385,14.5
207.9,184.6,2712,13.2
213.6,143.4,4121,8.4
269.9,196.0,3377,8.1
255.4,119.8,2295,11.9
278.5,177.1,3948,14.9
327.1,59.4,2356,22.5
342.0,100.3,2905,21.6
312.6,60.1,3352,12.5
386.2,196.3,3920,12.2
95.7,172.5,4885,11.9
150.7,177.9,1956,13.8
92.3,190.7,2534,16.5
290.7,62.8,3979,15.5
368.4,107.8,4866,11.7
165.5,60.7,3227,10.2
377.4,81.6,2358,8.2
108.7,84.4,3954,10.6
379.7,120.4,4112,20.0
199.0,90.3,5076,12.1
121.4,65.1,4950,16.0
240.6,75.1,1954,18.1
169.6,72.1,4835,23.1
178.3,196.0,2796,23.1
185.3,163.9,4094,20.7
338.9,195.2,2330,8.6
257.1,116.0,4705,17.8
186.5,91.8,3771,21.4
279.2,169.7,4385,8.3
312.0,98.9,2528,17.3
174.5,94.9,2977,22.6
218.2,84.9,1953,16.1
127.8,69.5,1891,8.1
146.2,88.5,4185,8.2
301.1,103.3,3303,15.1
146.2,151.1,3516,10.6
252.8,59.4,5002,19.3
309.8,81.6,4297,20.0
123.1,171.4,3816,11.0
265.9,72.0,4657,23.1
169.5,101.4,2586,15.5
388.5,179.7,2072,10.4
239.9,73.2,3827,21.0
339.9,62.4,4435,21.4
260.6,122.7,1976,18.9
103.5,95.4,4678,22.5
286.3,134.5,2442,20.5
384.9,170.6,3698,23.0
276.5,70.6,4920,15.4
343.9,137.1,2366,20.7
364.1,125.8,2465,25.0
160.7,71.6,3131,20.3
155.7,143.6,4715,9.9
279.4,91.0,3598,16.8
217.4,123.2,2869,18.0
350.4,62.3,4149,11.0
369.0,118.9,4715,24.4
199.6,96.0,4759,11.0
163.4,173.4,2207,11.0
332.0,58.5,3012,23.6
175.2,112.8,4669,15.9
345.0,118.8,3653,9.1
221.4,158.8,2952,18.2
296.9,136.1,4408,18.2
119.6,150.1,5137,9.1
283.4,166.6,2941,24.5
230.0,179.3,4311,17.2
271.8,97.1,1943,17.5
142.1,130.7,4289,16.8
318.4,176.0,5071,18.4
357.5,198.4,5028,12.5
157.2,183.4,2286,12.9
119.7,105.7,2659,16.7
97.3,79.3,5005,21.7
289.0,123.4,3735,8.8
278.2,161.2,1947,18.3
259.5,123.9,3159,21.7
161.9,122.5,4942,10.7
211.2,175.7,5104,8.3
274.3,104.2,3157,13.3
244.0,179.0,4658,18.0
396.2,111.0,4513,10.4
132.3,99.2,1889,15.2
305.5,118.1,3157,17.4
215.3,164.4,1998,18.2
222.7,68.9,5032,12.7
312.5,79.5,2337,14.8
304.7,192.7,4992,21.2
397.3,76.3,2100,24.0
129.8,135.2,2523,22.7
122.3,136.9,3398,17.6
314.5,123.4,4810,15.0
269.3,146.7,3259,13.7
175.0,84.5,1867,10.1
114.6,132.9,4306,9.8
116.6,105.8,3337,19.7
367.2,149.3,2197,12.4
149.5,71.2,2419,12.3
190.2,135.6,5157,25.0
160.3,77.8,3384,11.2
200.0,91.8,2963,10.5
111.5,82.8,2529,9.7
250.9,77.4,2355,17.9
111.0,173.9,3752,18.7
338.1,92.9,4628,14.2
162.5,189.1,3551,17.1
257.4,195.5,4741,21.4
362.8,135.7,4457,21.9
291.8,71.5,4595,24.3
255.2,106.2,4129,22.0
190.5,169.7,4508,17.6
193.2,105.1,4771,11.1
297.5,63.1,2795,9.7
398.2,133.5,3759,8.9
295.2,176.8,3401,19.3
262.9,169.4,4593,21.7
316.5,76.3,3280,16.6
234.2,150.9,3934,8.9
108.6,83.1,2902,17.1
264.3,82.7,5076,23.9
386.9,181.1,4638,18.2
144.3,87.5,5125,21.8
303.9,89.5,4151,21.6
152.3,50.1,3203,23.8
256.1,180.6,3977,21.1
120.0,168.9,4443,20.7
229.6,144.1,3099,12.0
324.4,162.5,3522,9.0
197.7,72.8,4405,16.8
296.1,118.7,2698,10.1
336.6,102.7,3006,24.4
377.4,64.1,5139,12.9
162.7,122.9,5193,22.5
213.8,188.1,3335,14.6
137.2,56.0,1877,13.5
397.7,93.7,4631,23.9
377.4,81.1,4521,14.2
257.4,85.7,3332,14.6
351.0,186.3,2037,9.8
251.5,120.2,2957,19.4
283.3,119.9,3796,12.9
117.6,164.1,3015,18.0
324.1,73.2,2077,18.1
129.6,123.1,4889,20.2
346.1,114.5,2323,20.7
332.4,139.5,1979,16.7
309.7,199.9,1922,13.6
101.2,165.4,3069,22.2
184.0,109.7,3557,13.3
171.6,174.1,4922,16.6
201.6,75.6,2894,14.8
117.2,54.6,2279,22.5
380.5,80.7,4890,15.3
261.7,101.1,3597,14.6
184.7,126.6,3931,19.7
213.1,142.3,5026,18.2
228.6,186.6,4412,9.8
276.2,126.5,4466,16.6
249.9,125.2,4204,20.5
375.0,57.5,2615,24.9
244.1,55.2,4494,18.7
397.6,132.7,2242,14.3
353.9,115.7,4940,11.8
154.6,175.9,4370,22.8
378.5,74.1,1942,21.8
126.1,53.7,1991,12.0
343.4,117.4,3210,11.4
208.0,85.6,2177,20.2
362.2,57.4,4428,13.4
359.1,158.7,2334,13.2
339.8,66.7,3516,10.6
334.9,141.2,5164,12.5
184.5,92.2,2832,15.3
115.1,76.0,5142,20.5
214.9,107.0,3210,13.7
143.8,170.2,3940,13.6
305.4,108.8,3789,12.8
197.3,162.6,4376,16.1
392.4,68.8,2977,11.1
288.7,165.9,2204,16.3
345.0,85.5,4687,20.0
131.1,151.6,2972,8.5
357.2,134.9,2688,8.2
376.1,189.4,5138,9.3
241.0,108.1,2221,17.1
277.9,59.9,3441,22.5
327.1,52.9,2271,8.1
144.2,174.0,4740,23.9
245.8,128.7,2346,9.8
213.6,166.3,2430,22.3
135.4,85.2,2837,16.2
203.9,101.8,4625,19.2
111.1,54.5,3629,16.7
98.0,194.2,2163,16.1
131.9,150.2,3966,22.2
388.6,190.0,5109,20.9
260.4,89.8,2345,16.2
389.4,141.7,5040,9.9
224.1,151.8,4369,10.0
186.7,97.6,2433,21.6
246.9,177.2,3736,17.0
226.2,192.1,3480,16.2
122.8,182.7,2762,19.6
288.7,160.9,4805,22.6
157.0,91.6,2682,18.7
282.1,92.2,4627,21.0
291.6,194.5,2670,21.0
137.1,51.5,2315,14.1
109.0,157.4,4785,12.7
332.0,155.9,3220,21.6
232.5,143.4,2665,14.4
108.0,198.5,3953,23.4
398.4,96.8,2908,9.2
107.9,101.0,2013,9.0
305.5,61.8,4992,23.8
394.9,116.4,5003,19.0
164.1,89.2,4697,14.5
134.1,101.5,4044,20.8
127.6,175.2,1818,19.4
184.0,190.3,2441,17.0
121.3,77.9,4883,9.7
304.6,105.9,2904,21.8
109.3,189.3,2129,22.7
247.9,59.3,2665,10.9
399.0,63.9,2573,22.5
342.3,74.4,2191,22.9
280.7,139.3,2436,17.3
184.9,72.6,4154,19.2
283.4,195.2,5138,14.5
253.4,117.0,4742,12.8
222.1,125.2,4499,20.3
130.5,87.0,4688,22.7
364.8,120.6,2825,19.1
229.4,149.3,4367,16.7
150.3,162.7,3474,10.7
204.0,163.1,4483,8.9
218.4,136.7,5180,15.6
346.5,185.7,2539,8.8
317.4,172.6,3345,17.7
328.5,163.6,2268,14.5
93.4,58.3,4059,20.9
219.0,51.0,2935,13.2
239.2,81.9,2831,18.1
95.9,149.5,4651,17.1
170.5,111.7,4324,8.1
325.7,110.4,2673,9.2
132.5,182.7,2259,12.9
255.9,184.3,4100,23.0
156.7,186.4,3349,10.5
93.8,97.1,2551,20.1
164.8,153.7,3261,24.5
392.5,90.7,3577,21.4
338.5,78.6,4828,12.1
387.5,77.7,2653,23.4
241.2,101.3,4083,9.6
124.0,114.5,3129,16.0
259.9,174.6,2277,23.1
230.9,68.0,4526,18.9
351.8,160.2,4891,15.0
120.4,129.7,4063,13.0
241.4,93.2,4702,14.4
136.5,123.9,1934,16.7
190.6,95.0,4752,13.4
318.6,139.4,2952,24.5
237.6,115.1,2209,23.9
206.5,74.7,3245,22.8
212.3,67.5,3117,15.2
232.4,132.0,3069,19.8
333.4,185.4,3379,23.3
366.5,101.6,1885,22.5
386.2,160.0,4403,15.0
333.9,148.8,3665,9.9
187.8,189.7,3269,9.3
303.3,173.1,2177,17.8
225.7,135.0,3480,18.9
168.9,148.6,2874,22.4
350.7,184.8,2041,13.0
101.9,109.9,5165,10.8
369.5,99.0,2719,14.4
233.1,51.6,3386,14.0
287.5,174.0,4113,10.3
294.4,170.1,4991,19.4
367.5,65.7,4559,16.6
287.4,136.5,3071,20.3
280.3,119.6,1869,14.0
110.7,67.8,3904,13.5
250.7,197.1,3205,16.0
136.6,82.2,3886,22.9
318.6,60.1,3807,8.7
248.8,139.2,2600,21.7
300.9,160.8,2841,14.3
102.9,54.9,4579,22.5
116.3,148.8,2624,21.6
312.1,129.8,2555,13.9
112.3,65.5,4199,19.8
112.1,75.9,3795,10.7
93.8,135.2,3639,23.2
386.5,94.5,3121,14.9
318.6,190.7,4130,15.7
199.5,172.8,3409,20.0
181.9,197.5,1909,22.0
198.4,89.0,2816,12.0
330.1,195.5,5051,19.2
295.0,114.7,3761,14.7
147.4,102.1,4391,14.3
144.0,57.6,3569,19.7
120.5,57.9,1824,14.6
294.7,153.8,2642,13.9
327.0,118.7,4638,22.2
172.2,84.0,2537,9.7
96.5,142.1,3904,19.5
115.5,87.9,1979,12.2
390.0,136.6,2031,8.3
181.6,103.9,3717,10.8
328.5,173.5,2142,18.3
283.6,173.1,2276,20.1
208.4,121.6,3622,8.4
153.8,102.6,4423,8.6
127.6,104.4,2254,23.3
280.7,170.9,3055,9.2
330.1,99.2,2088,23.2
289.6,81.4,3036,11.9
254.4,62.7,4105,20.6
103.0,120.0,2329,13.3
390.2,122.3,4534,22.6
337.6,176.1,4776,19.9
180.8,83.2,4076,14.8
393.8,107.1,5097,9.3
276.6,171.3,2395,20.5
270.6,173.5,2234,18.5
321.9,107.7,2681,8.0
341.6,118.9,4868,8.2
293.5,95.5,3581,21.7
129.7,189.9,2201,12.4
194.9,67.8,4469,18.8
377.7,190.1,3935,15.7
159.6,152.6,4431,22.7
205.4,129.7,3365,23.6
223.9,54.9,2108,24.9
226.2,121.3,4753,10.6
280.0,111.2,2142,22.7
382.4,74.2,2235,12.5
164.6,148.5,1976,18.0
127.7,195.7,1938,16.6
151.2,134.3,1993,8.3
364.9,157.2,5057,23.9
290.2,60.3,5089,9.3
178.6,112.7,5035,19.7
342.9,67.5,2984,21.3
357.0,141.9,2742,21.5
352.4,190.8,2324,10.3
374.9,149.3,3424,15.6
168.2,61.5,4913,22.1
324.1,103.2,4762,13.1
232.8,132.6,4057,16.0
351.0,110.5,2540,12.6
315.8,175.0,2661,15.9
330.7,172.2,5146,23.1
293.4,141.8,2753,15.7
145.0,106.0,3102,17.5
259.0,88.3,3074,14.9
395.2,65.9,5181,15.8
380.6,103.2,3543,8.3
103.4,112.0,4680,12.8
141.1,151.4,3987,15.4
130.8,148.7,2591,18.8
315.1,60.5,2345,15.7
343.5,109.3,3644,13.7
156.2,77.3,2816,14.6
246.8,73.5,3727,12.1
350.6,174.1,3353,23.7
317.2,56.3,1856,16.9
258.1,112.9,3959,8.2
273.0,75.2,1804,8.3
247.6,181.9,3237,24.5
182.2,133.6,5053,11.8
265.2,84.7,4884,21.7
303.6,125.4,3162,9.0
360.7,159.7,3620,23.7
287.3,193.7,3082,22.9
325.9,83.1,3937,17.7
139.6,182.9,4463,8.2
233.1,190.1,4738,12.4
92.9,187.5,4545,14.9
166.5,145.3,3073,15.8
315.2,144.5,5126,13.1
397.5,110.5,4745,8.6
120.7,162.9,4818,18.0
214.5,129.7,2931,16.9
338.0,151.6,2467,12.8
153.3,114.3,4441,8.6
262.1,159.7,4436,24.9
317.3,173.7,4332,16.2
281.0,72.0,4829,20.9
148.3,174.9,4819,15.7
200.2,131.0,3081,8.7
333.0,176.7,4486,13.3
261.8,114.7,2796,13.4
91.6,106.9,3726,22.3
325.9,187.3,2081,19.1
100.9,87.7,4833,12.7
321.2,176.6,4959,24.5
152.8,122.6,3027,13.5
387.0,127.1,3863,25.0
204.1,96.3,5022,24.9
191.3,136.0,2735,11.3
136.2,98.8,2053,13.3
184.7,55.9,3011,16.3
361.8,90.8,2128,19.3
398.9,51.0,4391,17.0
204.2,196.8,4630,24.5
229.1,194.9,4844,20.3
313.8,109.3,3220,11.6
364.7,159.3,3340,9.8
273.8,101.9,4692,19.7
211.4,150.7,2992,10.7
217.9,170.8,3516,21.4
305.6,192.0,4213,13.3
91.0,110.0,3001,13.6
282.1,167.5,2454,8.2
200.2,89.9,3185,19.9
336.2,198.5,2559,9.9
118.8,53.9,4486,21.1
272.3,140.5,3598,16.4
239.1,148.9,2863,21.3
289.1,153.2,4771,17.9
110.1,68.1,2215,9.4
269.8,190.8,2054,21.0
264.1,77.2,2966,9.2
263.8,143.4,3676,16.1
277.1,83.4,4557,10.9
299.7,96.1,4424,20.8
339.5,132.0,2699,23.5
173.6,112.6,3858,17.4
345.8,74.0,1825,17.0
244.5,75.6,4804,21.0
113.9,112.7,2220,8.1
108.2,163.6,3044,23.6
193.6,184.7,3676,11.4
333.3,62.6,4343,24.7
309.4,109.0,3060,20.5
334.5,65.0,4084,21.2
250.4,52.5,2808,19.2
226.5,149.3,2018,16.0
135.7,140.4,3310,17.7
191.7,74.5,3759,8.8
224.5,85.1,4308,18.6
117.5,53.6,2462,18.6
158.4,175.2,4482,23.2
275.4,196.2,5015,16.6
318.1,70.3,2789,9.3
399.5,84.7,1988,13.2
379.3,180.3,2054,19.1
289.2,189.0,1867,12.1
220.6,112.9,2415,12.8
287.2,57.6,4183,21.9
333.6,55.9,4518,17.9
126.7,136.1,4668,16.6
217.1,108.9,2673,13.4
350.3,54.3,4147,20.4
209.0,137.5,3425,12.9
267.3,51.7,2156,20.5
272.2,168.1,2055,9.2
147.2,96.0,2807,22.7
202.3,56.0,4200,16.5
193.7,138.3,3555,15.5
98.1,109.7,4371,18.4
97.5,196.1,4797,18.6
347.8,131.6,4603,10.2
174.7,91.3,2083,20.9
250.6,156.4,5183,12.7
182.6,90.7,1898,23.4
381.6,185.6,1996,21.9
170.4,106.2,4329,13.9
223.2,132.5,2677,21.7
360.5,57.6,5097,14.1
351.0,113.9,3668,9.7
147.7,174.9,4462,24.4
338.8,170.8,4465,19.1
232.0,83.6,3188,15.8
239.7,83.9,4215,14.8
131.4,172.6,2369,13.5
115.0,189.6,4437,24.7
315.7,64.3,4946,10.3
243.9,117.5,2865,13.4
225.4,100.6,2221,16.3
316.1,180.6,4683,16.1
327.3,62.5,3004,16.0
139.3,81.7,2344,11.0
279.2,162.9,1870,10.5
132.0,57.7,4976,12.3
322.9,123.9,3023,23.5
293.7,116.3,4972,9.9
386.6,100.2,2567,20.9
111.4,109.2,4154,20.9
107.7,129.5,3506,21.8
177.5,74.2,4224,23.1
